{
  "tags": {
    "DASHBOARD.CClP6W5": {
      "versionNumber": 0,
      "lastModifiedBy": {
        "login": "hdades@ecole-gamma.com"
      },
      "lastModifiedOn": 1741165028712
    },
    "DATASET.transactions_stacked": {
      "versionNumber": 1,
      "lastModifiedBy": {
        "login": "hdades@ecole-gamma.com"
      },
      "lastModifiedOn": 1741166395221
    },
    "DATASET.transactions_stacked_joined": {
      "versionNumber": 2,
      "lastModifiedBy": {
        "login": "hdades@ecole-gamma.com"
      },
      "lastModifiedOn": 1741168889156
    },
    "DATASET.transactions_stacked_joined_prepared": {
      "versionNumber": 6,
      "lastModifiedBy": {
        "login": "hdades@ecole-gamma.com"
      },
      "lastModifiedOn": 1741172183947
    },
    "PROJECT.HODADADES": {
      "versionNumber": 0,
      "lastModifiedBy": {
        "login": "api:FRIzIZTifPdW3PPY"
      },
      "lastModifiedOn": 1741165929049
    },
    "RECIPE.compute_transactions_stacked": {
      "versionNumber": 1,
      "lastModifiedBy": {
        "login": "hdades@ecole-gamma.com"
      },
      "lastModifiedOn": 1741166513564
    },
    "RECIPE.compute_transactions_stacked_joined": {
      "versionNumber": 3,
      "lastModifiedBy": {
        "login": "hdades@ecole-gamma.com"
      },
      "lastModifiedOn": 1741171499699
    },
    "RECIPE.compute_transactions_stacked_joined_prepared": {
      "versionNumber": 14,
      "lastModifiedBy": {
        "login": "hdades@ecole-gamma.com"
      },
      "lastModifiedOn": 1741172185219
    }
  }
}