{
  "type": "join",
  "neverRecomputeExistingPartitions": false,
  "customMeta": {
    "kv": {}
  },
  "redispatchPartitioning": false,
  "maxRunningActivities": 0,
  "hashPropagationBehavior": "INHERIT",
  "variables": {},
  "dkuProperties": [],
  "inputs": {
    "main": {
      "items": [
        {
          "ref": "transactions_stacked",
          "deps": []
        },
        {
          "ref": "SETUPDATA.cardholder_info",
          "deps": []
        },
        {
          "ref": "SETUPDATA.merchant_info",
          "deps": []
        }
      ]
    }
  },
  "outputs": {
    "main": {
      "items": [
        {
          "ref": "transactions_stacked_joined",
          "appendMode": false
        }
      ]
    }
  },
  "labels": [],
  "creationTag": {
    "versionNumber": 0,
    "lastModifiedBy": {
      "login": "hdades@ecole-gamma.com"
    },
    "lastModifiedOn": 1741168799342
  },
  "tags": [],
  "customFields": {},
  "checklists": {
    "checklists": []
  }
}